logP_avg,logP_mode,tPSA_avg,tPSA_mode,QED_avg,QED_mode,SAS_avg,SAS_mode,NP_avg,NP_mode,MW_avg,MW_mode,NATOM_avg,NATOM_mode
3.749094500000001,4.127564356435644,90.03425,91.45871287128713,0.5560107591804556,0.6555334073004285,2.6897310761583997,2.4956340108062873,-1.4110919065606686,-1.421229517793768,407.87175000000013,459.18562376237634,28.95,31.564956495649568
