logP_avg,logP_mode,tPSA_avg,tPSA_mode,QED_avg,QED_mode,SAS_avg,SAS_mode,NP_avg,NP_mode,MW_avg,MW_mode,NATOM_avg,NATOM_mode
3.840036,3.9626426842684292,80.80179999999997,84.22894389438943,0.5752700559214705,0.7037238006305719,2.8402264738658674,2.569661905781474,-1.2243620157028958,-1.3815113321666475,398.31556000000006,395.84538333833405,28.31,29.869086908690868
